{
  "hash": "31b76793",
  "configHash": "aa18adb3",
  "lockfileHash": "0292de55",
  "browserHash": "610a126d",
  "optimized": {
    "@angular/common": {
      "src": "../../../../../node_modules/@angular/common/fesm2022/common.mjs",
      "file": "@angular_common.js",
      "fileHash": "cb3a5adf",
      "needsInterop": false
    },
    "@angular/core": {
      "src": "../../../../../node_modules/@angular/core/fesm2022/core.mjs",
      "file": "@angular_core.js",
      "fileHash": "b40fe573",
      "needsInterop": false
    },
    "@angular/core/rxjs-interop": {
      "src": "../../../../../node_modules/@angular/core/fesm2022/rxjs-interop.mjs",
      "file": "@angular_core_rxjs-interop.js",
      "fileHash": "bccc567c",
      "needsInterop": false
    },
    "@angular/flex-layout": {
      "src": "../../../../../node_modules/@angular/flex-layout/fesm2020/angular-flex-layout.mjs",
      "file": "@angular_flex-layout.js",
      "fileHash": "eb3ffae3",
      "needsInterop": false
    },
    "@angular/flex-layout/flex": {
      "src": "../../../../../node_modules/@angular/flex-layout/fesm2020/angular-flex-layout-flex.mjs",
      "file": "@angular_flex-layout_flex.js",
      "fileHash": "aed54b81",
      "needsInterop": false
    },
    "@angular/forms": {
      "src": "../../../../../node_modules/@angular/forms/fesm2022/forms.mjs",
      "file": "@angular_forms.js",
      "fileHash": "3335b5e3",
      "needsInterop": false
    },
    "@angular/material/button": {
      "src": "../../../../../node_modules/@angular/material/fesm2022/button.mjs",
      "file": "@angular_material_button.js",
      "fileHash": "aa897e53",
      "needsInterop": false
    },
    "@angular/material/card": {
      "src": "../../../../../node_modules/@angular/material/fesm2022/card.mjs",
      "file": "@angular_material_card.js",
      "fileHash": "aedc2201",
      "needsInterop": false
    },
    "@angular/material/checkbox": {
      "src": "../../../../../node_modules/@angular/material/fesm2022/checkbox.mjs",
      "file": "@angular_material_checkbox.js",
      "fileHash": "f54f1c05",
      "needsInterop": false
    },
    "@angular/material/core": {
      "src": "../../../../../node_modules/@angular/material/fesm2022/core.mjs",
      "file": "@angular_material_core.js",
      "fileHash": "0b0d5f8e",
      "needsInterop": false
    },
    "@angular/material/form-field": {
      "src": "../../../../../node_modules/@angular/material/fesm2022/form-field.mjs",
      "file": "@angular_material_form-field.js",
      "fileHash": "e2502f73",
      "needsInterop": false
    },
    "@angular/material/icon": {
      "src": "../../../../../node_modules/@angular/material/fesm2022/icon.mjs",
      "file": "@angular_material_icon.js",
      "fileHash": "07fe2fc8",
      "needsInterop": false
    },
    "@angular/material/input": {
      "src": "../../../../../node_modules/@angular/material/fesm2022/input.mjs",
      "file": "@angular_material_input.js",
      "fileHash": "22b68aeb",
      "needsInterop": false
    },
    "@angular/material/list": {
      "src": "../../../../../node_modules/@angular/material/fesm2022/list.mjs",
      "file": "@angular_material_list.js",
      "fileHash": "50e2d6fb",
      "needsInterop": false
    },
    "@angular/material/paginator": {
      "src": "../../../../../node_modules/@angular/material/fesm2022/paginator.mjs",
      "file": "@angular_material_paginator.js",
      "fileHash": "2358eea9",
      "needsInterop": false
    },
    "@angular/material/select": {
      "src": "../../../../../node_modules/@angular/material/fesm2022/select.mjs",
      "file": "@angular_material_select.js",
      "fileHash": "fdd60e1d",
      "needsInterop": false
    },
    "@angular/material/sidenav": {
      "src": "../../../../../node_modules/@angular/material/fesm2022/sidenav.mjs",
      "file": "@angular_material_sidenav.js",
      "fileHash": "1a023dc4",
      "needsInterop": false
    },
    "@angular/material/table": {
      "src": "../../../../../node_modules/@angular/material/fesm2022/table.mjs",
      "file": "@angular_material_table.js",
      "fileHash": "1ae7a08f",
      "needsInterop": false
    },
    "@angular/material/tabs": {
      "src": "../../../../../node_modules/@angular/material/fesm2022/tabs.mjs",
      "file": "@angular_material_tabs.js",
      "fileHash": "847683d8",
      "needsInterop": false
    },
    "@angular/material/toolbar": {
      "src": "../../../../../node_modules/@angular/material/fesm2022/toolbar.mjs",
      "file": "@angular_material_toolbar.js",
      "fileHash": "52acedd7",
      "needsInterop": false
    },
    "@angular/platform-browser": {
      "src": "../../../../../node_modules/@angular/platform-browser/fesm2022/platform-browser.mjs",
      "file": "@angular_platform-browser.js",
      "fileHash": "4941cfa8",
      "needsInterop": false
    },
    "@angular/platform-browser/animations/async": {
      "src": "../../../../../node_modules/@angular/platform-browser/fesm2022/animations/async.mjs",
      "file": "@angular_platform-browser_animations_async.js",
      "fileHash": "5d7b6338",
      "needsInterop": false
    },
    "@angular/router": {
      "src": "../../../../../node_modules/@angular/router/fesm2022/router.mjs",
      "file": "@angular_router.js",
      "fileHash": "a5e0216a",
      "needsInterop": false
    },
    "ngx-bootstrap/carousel": {
      "src": "../../../../../node_modules/ngx-bootstrap/carousel/fesm2022/ngx-bootstrap-carousel.mjs",
      "file": "ngx-bootstrap_carousel.js",
      "fileHash": "e48f5795",
      "needsInterop": false
    },
    "rxjs": {
      "src": "../../../../../node_modules/rxjs/dist/esm5/index.js",
      "file": "rxjs.js",
      "fileHash": "27145988",
      "needsInterop": false
    }
  },
  "chunks": {
    "browser-UOK26EQR": {
      "file": "browser-UOK26EQR.js"
    },
    "chunk-CL22ZIXK": {
      "file": "chunk-CL22ZIXK.js"
    },
    "chunk-GTH4MZL3": {
      "file": "chunk-GTH4MZL3.js"
    },
    "chunk-73Z4BQZ4": {
      "file": "chunk-73Z4BQZ4.js"
    },
    "chunk-PQHI6IIB": {
      "file": "chunk-PQHI6IIB.js"
    },
    "chunk-MTHGI3LI": {
      "file": "chunk-MTHGI3LI.js"
    },
    "chunk-TBHKM3Y2": {
      "file": "chunk-TBHKM3Y2.js"
    },
    "chunk-YDNMDRIB": {
      "file": "chunk-YDNMDRIB.js"
    },
    "chunk-OZR25PGB": {
      "file": "chunk-OZR25PGB.js"
    },
    "chunk-CKGP2JUK": {
      "file": "chunk-CKGP2JUK.js"
    },
    "chunk-KBCLPT66": {
      "file": "chunk-KBCLPT66.js"
    },
    "chunk-EOSGOQEF": {
      "file": "chunk-EOSGOQEF.js"
    },
    "chunk-3C7LNEJK": {
      "file": "chunk-3C7LNEJK.js"
    },
    "chunk-WLQ6XRKI": {
      "file": "chunk-WLQ6XRKI.js"
    },
    "chunk-V4I6KYGB": {
      "file": "chunk-V4I6KYGB.js"
    },
    "chunk-CHRFX2HE": {
      "file": "chunk-CHRFX2HE.js"
    },
    "chunk-R7GQRDZ6": {
      "file": "chunk-R7GQRDZ6.js"
    }
  }
}